sessions_per_day_2018,sessions_per_day_2022,sessions_change_pct,conversion_2018,conversion_2022,conversion_change_pct,AOV_2018,AOV_2022,AOV_change_pct,revenue_per_day_2018,revenue_per_day_2022,revenue_per_day_change_pct,revenue_per_day_peak_2016
25794.753424657534,30311.39178082192,0.17509910956725294,0.007382832974954554,0.003254258220924761,-0.5592128073377154,26616.63726197669,32489.41316770359,0.22064304547278324,5068828.64679452,3204791.3196986304,-0.3677451847331019,5750384.364863388
