metric,Ngày thường = 100,Cuối tuần
Sessions,100,99.69035106978644
Conversion,100,91.11138524641427
Orders,100,90.82925981669601
Revenue,100,90.82981492107845
AOV,100,100.0006111514985
Gross margin,100,99.62778455766602
