metric,Không promo = 100,Có promo
Orders/day,100,108.5024191022956
Conversion,100,112.10986811413706
Revenue/day,100,87.44334669924572
AOV,100,80.59114941649781
Gross margin,100,25.83279993709989
Gross profit/day,100,22.58906481112078
