metric,Giữa tháng = 100,Cuối tháng
Sessions,100,100.00878778713817
Conversion,100,191.20838562114372
Orders,100,191.22518860706245
Revenue,100,177.05320363161732
AOV,100,92.5888503085405
Gross margin,100,82.97631828466065
