month_position,n_days,sessions_per_day,orders_per_day,revenue_per_day,gross_profit_per_day,revenue_total,orders_total,sessions_total,gross_profit_total,promo_share,conversion,AOV,gross_margin
Đầu tháng (1–3),360,24958.955555555556,205.24722222222223,5133254.96638889,618183.3751111112,1847971787.9,73889,8985224.0,222546015.04000002,0.5138888888888888,0.00822338986763157,25010.106888711445,0.12042717128971815
Giữa tháng (4–27),2880,25050.54861111111,147.49930555555557,3834648.429767361,542408.3867534722,11043787477.73,424798,72145580.0,1562136153.85,0.4510416666666667,0.005888066878109511,25997.73887289959,0.14144931319984888
Cuối tháng (28–31),412,25052.75,282.05582524271847,6789367.892912622,796864.2554854369,2797219571.88,116207,10321733.0,328308073.26,0.5412621359223301,0.011258477621926473,24071.007528634247,0.11736943233217313
