is_promo_day,n_days,sessions_per_day,orders_per_day,revenue_per_day,gross_profit_per_day,revenue_total,orders_total,sessions_total,gross_profit_total,label,conversion,AOV,gross_margin
0,1945,25424.157326478147,161.93624678663238,4563856.894838045,906631.1123239074,8876701660.46,314966,49449986.0,1763397513.47,Không promo,0.0063693850186327654,28183.047251004868,0.1986545882605025
1,1707,24606.063854715874,175.70474516695958,3990789.207410662,204799.4895606327,6812277177.05,299928,42002551.0,349592728.68,Có promo,0.007140709144070797,22713.04172017951,0.05131804235120513
