metric,promo_effect,p_value,r2
orders_pct,0.18336699569732495,1.2631763501347668e-20,0.6132738514122621
AOV_pct,-0.1781086648349206,4.7683598969465686e-245,0.724807771171819
revenue_pct,-0.027400919916036548,0.1127349730416343,0.5740033961634501
gross_margin_point,-0.1600185456812458,0.0,0.6678315912529045
