orders_per_day_change,conversion_change,revenue_per_day_change,AOV_change,gross_margin_point_change,gross_profit_per_day_change
0.08502419102295611,0.12109868114137057,-0.12556653300754284,-0.1940885058350219,-0.14733654590929737,-0.7741093518887922
