quarter,n_days,revenue_total,revenue_per_day,gross_profit_total,gross_profit_per_day,promo_share,orders_total,sessions_total,revenue_share,gross_profit_share,gross_margin,conversion,AOV
1,902,3312581243.53,3672484.748924612,552573940.61,612609.690254989,0.34478935698447893,121921,18062522.0,0.21114065343820299,0.2615127744497994,0.16681068326679235,0.006749943335709155,27169.8988978929
2,910,5926397228.65,6512524.427087911,1019700973.21,1120550.5200109892,0.27472527472527475,220548,32658458.0,0.37774270014826394,0.4825866929571992,0.17206085482769473,0.006753166361988064,26871.23541655331
3,920,3923935089.63,4265146.836554348,238452456.59,259187.4528152174,0.7543478260869565,160701,25234728.0,0.250107743166079,0.11285071356854491,0.06076870568531357,0.006368247757614031,24417.61463606325
4,920,2526065275.7,2745723.1257608696,302262871.74,328546.5997173913,0.49130434782608695,111724,15496829.0,0.1610089032474539,0.1430498190244565,0.11965758551359672,0.007209474919030209,22609.87143048942
