factor,contribution_vnd_per_day,contribution_million_vnd_per_day
Sessions/day,700795.2658338407,0.7007952658338407
Conversion,-3431933.8952553174,-3.4319338952553173
AOV,867101.3023255881,0.867101302325588
