conversion,orders_est,revenue_est,uplift_vnd,uplift_pct,label
0.003254258220924761,36004.0,1169748831.69,0.0,0.0,Thực tế 2022
0.004,44254.632,1437807023.6326766,268058191.94267654,0.22915876013776243,"CVR 0,40%"
0.005,55318.29,1797258779.5408459,627509947.8508458,0.5364484501722031,"CVR 0,50%"
