sessions_change_weekend,conversion_change_weekend,AOV_change_weekend,revenue_change_weekend
-0.0030964893021355744,-0.08888614753585722,6.11151498497442e-06,-0.09170185078921544
