is_weekend,n_days,sessions_per_day,orders_per_day,revenue_per_day,revenue_total,orders_total,sessions_total,gross_profit_total,label,conversion,AOV,gross_margin
0,2609,25063.93330778076,172.9003449597547,4411533.430015331,11509690718.91,451097,65391802.0,1551662605.08,Ngày thường,0.006898372367839014,25514.89085254391,0.13481357952830783
1,1043,24986.323106423777,157.04410354745926,4006987.6496644295,4179288118.6,163797,26060735.0,561327637.07,Cuối tuần,0.006285202623793995,25515.046787181695,0.13431178256694026
